{
    "thoughts": {
        "text": "I need to write a C program that prints \"Hello, ccat\" to the standard output. I have not loaded gcc, unix os internals, or github copilot api yet, so I need to do that first. I can use the execute_shell command to run shell commands that will install and load these resources. I also need to generate a Python file that contains the internal code of the C program, and save it as hello cat.py. I can use the execute_python_code command to run Python code that will create and write to this file. Finally, I need to save the title cat4k.c in a specific directory. I can use the write_to_file command to do that.",
        "reasoning": "I chose the execute_shell command because it is the most efficient way to install and load the resources I need. I chose the execute_python_code command because it is the easiest way to generate and write to a Python file. I chose the write_to_file command because it is the simplest way to save a text file.",
        "plan": "- Use execute_shell to install and load gcc, unix os internals, and github copilot api.\n- Use execute_python_code to generate hello cat.py and write the internal code of the C program to it.\n- Use write_to_file to save the title cat4k.c in the specified directory.",
        "criticism": "I could have used a more creative approach to generate the C program, such as using web_search or browse_website to find examples or tutorials. I could have also used a more precise way to save the title cat4k.c, such as using execute_shell to create the directory and move the file to it.",
        "speak": "I am working on your task. I will use a shell command to install and load some resources I need. Then I will use a Python code to generate a Python file that contains the internal code of the C program. Finally, I will use a file command to save the title cat4k.c in the directory you specified."
    },
    "command": {
        "name": "execute_shell",
        "args": {
            "command_line": "brew install gcc && gcc --version && brew install unix-os-internals && unix-os-internals --version && brew install github-copilot && github-copilot --version"
        }
    }
}